indicator | TrendsFollowers @ EURUSD,60 | Buy
indicator | TrendsFollowers @ EURUSD,60 | Buy
indicator | TrendsFollowers @ EURUSD,60 | Buy
indicator | TrendsFollowers @ EURUSD,60 | Buy
indicator | TrendsFollowers @ EURUSD,60 | Buy
indicator | TrendsFollowers @ EURUSD,60 | Sell
indicator | TrendsFollowers @ EURUSD,60 | Buy
indicator | TrendsFollowers @ EURUSD,60 | Buy
indicator | TrendsFollowers @ EURUSD,60 | Buy
indicator | TrendsFollowers @ EURUSD,60 | Sell
indicator | TrendsFollowers @ EURUSD,60 | Buy
indicator | TrendsFollowers @ EURUSD,60 | Buy
indicator | TrendsFollowers @ EURUSD,60 | Sell
indicator | TrendsFollowers @ EURUSD,60 | Buy
indicator | TrendsFollowers @ EURUSD,60 | Buy
indicator | TrendsFollowers @ EURUSD,60 | Sell
indicator | TrendsFollowers @ EURUSD,60 | Buy
indicator | TrendsFollowers @ EURUSD,60 | Sell
indicator | TrendsFollowers @ EURUSD,60 | Buy
indicator | TrendsFollowers @ EURUSD,60 | Buy
indicator | TrendsFollowers @ EURUSD,60 | Buy
indicator | TrendsFollowers @ EURUSD,60 | Sell
indicator | TrendsFollowers @ EURUSD,60 | Buy
indicator | TrendsFollowers @ EURUSD,60 | Buy
indicator | TrendsFollowers @ EURUSD,60 | Buy
indicator | TrendsFollowers @ EURUSD,60 | Buy
indicator | TrendsFollowers @ EURUSD,60 | Buy
indicator | TrendsFollowers @ EURUSD,60 | Buy
indicator | TrendsFollowers @ EURUSD,60 | Buy
indicator | TrendsFollowers @ EURUSD,60 | Buy
indicator | TrendsFollowers @ EURUSD,60 | Buy
indicator | TrendsFollowers @ EURUSD,60 | Buy
indicator | TrendsFollowers @ EURUSD,60 | Buy
indicator | TrendsFollowers @ EURUSD,60 | Buy
indicator | TrendsFollowers @ EURUSD,60 | Buy
indicator | TrendsFollowers @ EURUSD,60 | Sell
